[
    {
        "value": "Austria",
        "src": "../common/flags/at.png"
    },
    {
        "value": "Belgium",
        "src": "../common/flags/be.png"
    },
    {
        "value": "Bulgaria",
        "src": "../common/flags/bg.png"
    },
    {
        "value": "Cyprus",
        "src": "../common/flags/cy.png"
    },
    {
        "value": "Czech Republic",
        "src": "../common/flags/cz.png"
    },
    {
        "value": "Denmark",
        "src": "../common/flags/dk.png"
    },
    {
        "value": "Estonia",
        "src": "../common/flags/ee.png"
    },
    {
        "value": "Finland",
        "src": "../common/flags/fi.png"
    },
    {
        "value": "France",
        "src": "../common/flags/fr.png"
    },
    {
        "value": "Germany",
        "src": "../common/flags/de.png"
    },
    {
        "value": "Greece",
        "src": "../common/flags/gr.png"
    },
    {
        "value": "Hungary",
        "src": "../common/flags/hu.png"
    },
    {
        "value": "Ireland",
        "src": "../common/flags/ie.png"
    },
    {
        "value": "Italy",
        "src": "../common/flags/it.png"
    },
    {
        "value": "Latvia",
        "src": "../common/flags/lv.png"
    },
    {
        "value": "Lithuania",
        "src": "../common/flags/lt.png"
    },
    {
        "value": "Luxembourg",
        "src": "../common/flags/lu.png"
    },
    {
        "value": "Malta",
        "src": "../common/flags/mt.png"
    },
    {
        "value": "Netherlands",
        "src": "../common/flags/nl.png"
    },
    {
        "value": "Poland",
        "src": "../common/flags/pl.png"
    },
    {
        "value": "Portugal",
        "src": "../common/flags/pt.png"
    },
    {
        "value": "Romania",
        "src": "../common/flags/ro.png"
    },
    {
        "value": "Slovakia",
        "src": "../common/flags/sk.png"
    },
    {
        "value": "Slovenia",
        "src": "../common/flags/si.png"
    },
    {
        "value": "Spain",
        "src": "../common/flags/es.png"
    },
    {
        "value": "Sweden",
        "src": "../common/flags/se.png"
    },
    {
        "value": "United Kingdom",
        "src": "../common/flags/gb.png"
    }
]