[
	{
		"country": "China",
		"population": "1415045928",
		"yearlyChange": "0.0039",
		"netChange": "5528531",
		"density": "151",
		"area": "9388211",
		"migrants": "-339690",
		"fert": "1.6",
		"age": "37",
		"urban": "0.5800",
		"id": "1"
	},
	{
		"country": "India",
		"population": "1354051854",
		"yearlyChange": "0.0111",
		"netChange": "14871727",
		"density": "455",
		"area": "2973190",
		"migrants": "-515643",
		"fert": "2.4",
		"age": "27",
		"urban": "0.3200",
		"id": "2",
		"custom": true
	},
	{
		"country": "U.S.",
		"population": "326766748",
		"yearlyChange": "0.0071",
		"netChange": "2307285",
		"density": "36",
		"area": "9147420",
		"migrants": "900000",
		"fert": "1.9",
		"age": "38",
		"urban": "0.8300",
		"id": "3"
	},
	{
		"country": "Indonesia",
		"population": "266794980",
		"yearlyChange": "0.0106",
		"netChange": "2803601",
		"density": "147",
		"area": "1811570",
		"migrants": "-167000",
		"fert": "2.5",
		"age": "28",
		"urban": "0.5400",
		"id": "4"
	},
	{
		"country": "Brazil",
		"population": "210867954",
		"yearlyChange": "0.0075",
		"netChange": "1579676",
		"density": "25",
		"area": "8358140",
		"migrants": "3185",
		"fert": "1.8",
		"age": "31",
		"urban": "0.8400",
		"id": "5"
	},
	{
		"country": "Pakistan",
		"population": "200813818",
		"yearlyChange": "0.0193",
		"netChange": "3797863",
		"density": "260",
		"area": "770880",
		"migrants": "-236384",
		"fert": "3.7",
		"age": "22",
		"urban": "0.3800",
		"id": "6"
	},
	{
		"country": "Nigeria",
		"population": "195875237",
		"yearlyChange": "0.0261",
		"netChange": "4988926",
		"density": "215",
		"area": "910770",
		"migrants": "-60000",
		"fert": "5.7",
		"age": "18",
		"urban": "0.4900",
		"id": "7"
	},
	{
		"country": "Bangladesh",
		"population": "166368149",
		"yearlyChange": "0.0103",
		"netChange": "1698398",
		"density": "1278",
		"area": "130170",
		"migrants": "-505297",
		"fert": "2.2",
		"age": "26",
		"urban": "0.3500",
		"id": "8"
	},
	{
		"country": "Russia",
		"population": "143964709",
		"yearlyChange": "-0.0002",
		"netChange": "-25045",
		"density": "9",
		"area": "16376870",
		"migrants": "203577",
		"fert": "1.7",
		"age": "39",
		"urban": "0.7300",
		"id": "9"
	},
	{
		"country": "Mexico",
		"population": "130759074",
		"yearlyChange": "0.0124",
		"netChange": "1595798",
		"density": "67",
		"area": "1943950",
		"migrants": "-60000",
		"fert": "2.3",
		"age": "28",
		"urban": "0.7800",
		"id": "10"
	},
	{
		"country": "Japan",
		"population": "127185332",
		"yearlyChange": "-0.0023",
		"netChange": "-299118",
		"density": "349",
		"area": "364555",
		"migrants": "71627",
		"fert": "1.4",
		"age": "46",
		"urban": "0.9400",
		"id": "11"
	},
	{
		"country": "Ethiopia",
		"population": "107534882",
		"yearlyChange": "0.0246",
		"netChange": "2577444",
		"density": "108",
		"area": "1000000",
		"migrants": "-12000",
		"fert": "4.6",
		"age": "19",
		"urban": "0.2000",
		"id": "12"
	},
	{
		"country": "Philippines",
		"population": "106512074",
		"yearlyChange": "0.0152",
		"netChange": "1593984",
		"density": "357",
		"area": "298170",
		"migrants": "-130000",
		"fert": "3.1",
		"age": "24",
		"urban": "0.4400",
		"id": "13"
	},
	{
		"country": "Egypt",
		"population": "99375741",
		"yearlyChange": "0.0187",
		"netChange": "1822590",
		"density": "100",
		"area": "995450",
		"migrants": "-55005",
		"fert": "3.4",
		"age": "25",
		"urban": "0.3800",
		"id": "14"
	},
	{
		"country": "Viet Nam",
		"population": "96491146",
		"yearlyChange": "0.0099",
		"netChange": "950346",
		"density": "311",
		"area": "310070",
		"migrants": "-40000",
		"fert": "2.0",
		"age": "30",
		"urban": "0.3400",
		"id": "15"
	},
	{
		"country": "DR Congo",
		"population": "84004989",
		"yearlyChange": "0.0328",
		"netChange": "2665001",
		"density": "37",
		"area": "2267050",
		"migrants": "3012",
		"fert": "6.4",
		"age": "17",
		"urban": "0.3900",
		"id": "16"
	},
	{
		"country": "Germany",
		"population": "82293457",
		"yearlyChange": "0.0022",
		"netChange": "179233",
		"density": "236",
		"area": "348560",
		"migrants": "355425",
		"fert": "1.4",
		"age": "46",
		"urban": "0.7600",
		"id": "17"
	},
	{
		"country": "Iran",
		"population": "82011735",
		"yearlyChange": "0.0105",
		"netChange": "848947",
		"density": "50",
		"area": "1628550",
		"migrants": "-80000",
		"fert": "1.7",
		"age": "30",
		"urban": "0.7400",
		"id": "18"
	},
	{
		"country": "Turkey",
		"population": "81916871",
		"yearlyChange": "0.0145",
		"netChange": "1171851",
		"density": "106",
		"area": "769630",
		"migrants": "325434",
		"fert": "2.1",
		"age": "30",
		"urban": "0.7100",
		"id": "19"
	},
	{
		"country": "Thailand",
		"population": "69183173",
		"yearlyChange": "0.0021",
		"netChange": "145660",
		"density": "135",
		"area": "510890",
		"migrants": "33463",
		"fert": "1.5",
		"age": "38",
		"urban": "0.5200",
		"id": "20"
	},
	{
		"country": "U.K.",
		"population": "66573504",
		"yearlyChange": "0.0059",
		"netChange": "391919",
		"density": "275",
		"area": "241930",
		"migrants": "198000",
		"fert": "1.9",
		"age": "40",
		"urban": "0.8100",
		"id": "21"
	},
	{
		"country": "France",
		"population": "65233271",
		"yearlyChange": "0.0039",
		"netChange": "253723",
		"density": "119",
		"area": "547557",
		"migrants": "72344",
		"fert": "2.0",
		"age": "41",
		"urban": "0.8000",
		"id": "22"
	},
	{
		"country": "Italy",
		"population": "59290969",
		"yearlyChange": "-0.0012",
		"netChange": "-68931",
		"density": "202",
		"area": "294140",
		"migrants": "52829",
		"fert": "1.4",
		"age": "46",
		"urban": "0.7200",
		"id": "23"
	},
	{
		"country": "Tanzania",
		"population": "59091392",
		"yearlyChange": "0.0311",
		"netChange": "1781373",
		"density": "67",
		"area": "885800",
		"migrants": "-40000",
		"fert": "5.2",
		"age": "17",
		"urban": "0.3100",
		"id": "24"
	},
	{
		"country": "South Africa",
		"population": "57398421",
		"yearlyChange": "0.0120",
		"netChange": "681265",
		"density": "47",
		"area": "1213090",
		"migrants": "161300",
		"fert": "2.6",
		"age": "26",
		"urban": "0.6200",
		"id": "25"
	},
	{
		"country": "Myanmar",
		"population": "53855735",
		"yearlyChange": "0.0091",
		"netChange": "485126",
		"density": "82",
		"area": "653290",
		"migrants": "-94856",
		"fert": "2.3",
		"age": "28",
		"urban": "0.3600",
		"id": "26"
	},
	{
		"country": "South Korea",
		"population": "51164435",
		"yearlyChange": "0.0036",
		"netChange": "182223",
		"density": "526",
		"area": "97230",
		"migrants": "33927",
		"fert": "1.2",
		"age": "41",
		"urban": "0.8100",
		"id": "27"
	},
	{
		"country": "Kenya",
		"population": "50950879",
		"yearlyChange": "0.0252",
		"netChange": "1251017",
		"density": "90",
		"area": "569140",
		"migrants": "-10000",
		"fert": "4.1",
		"age": "19",
		"urban": "0.2600",
		"id": "28"
	},
	{
		"country": "Colombia",
		"population": "49464683",
		"yearlyChange": "0.0081",
		"netChange": "399068",
		"density": "45",
		"area": "1109500",
		"migrants": "-29000",
		"fert": "1.9",
		"age": "30",
		"urban": "0.7900",
		"id": "29"
	},
	{
		"country": "Spain",
		"population": "46397452",
		"yearlyChange": "0.0009",
		"netChange": "43131",
		"density": "93",
		"area": "498800",
		"migrants": "-114000",
		"fert": "1.3",
		"age": "43",
		"urban": "0.8200",
		"id": "30"
	},
	{
		"country": "Argentina",
		"population": "44688864",
		"yearlyChange": "0.0094",
		"netChange": "417823",
		"density": "16",
		"area": "2736690",
		"migrants": "6000",
		"fert": "2.3",
		"age": "31",
		"urban": "0.8800",
		"id": "31"
	},
	{
		"country": "Uganda",
		"population": "44270563",
		"yearlyChange": "0.0328",
		"netChange": "1407605",
		"density": "222",
		"area": "199810",
		"migrants": "-30000",
		"fert": "5.9",
		"age": "16",
		"urban": "0.1600",
		"id": "32"
	},
	{
		"country": "Ukraine",
		"population": "44009214",
		"yearlyChange": "-0.0048",
		"netChange": "-213733",
		"density": "76",
		"area": "579320",
		"migrants": "-40000",
		"fert": "1.5",
		"age": "40",
		"urban": "0.7000",
		"id": "33"
	},
	{
		"country": "Algeria",
		"population": "42008054",
		"yearlyChange": "0.0167",
		"netChange": "689912",
		"density": "18",
		"area": "2381740",
		"migrants": "-28654",
		"fert": "3.0",
		"age": "28",
		"urban": "0.7200",
		"id": "34"
	},
	{
		"country": "Sudan",
		"population": "41511526",
		"yearlyChange": "0.0241",
		"netChange": "978196",
		"density": "24",
		"area": "1765048",
		"migrants": "-117877",
		"fert": "4.8",
		"age": "19",
		"urban": "0.3400",
		"id": "35"
	},
	{
		"country": "Iraq",
		"population": "39339753",
		"yearlyChange": "0.0278",
		"netChange": "1065135",
		"density": "91",
		"area": "434320",
		"migrants": "92733",
		"fert": "4.6",
		"age": "19",
		"urban": "0.6700",
		"id": "36"
	},
	{
		"country": "Poland",
		"population": "38104832",
		"yearlyChange": "-0.0017",
		"netChange": "-65880",
		"density": "124",
		"area": "306230",
		"migrants": "-14799",
		"fert": "1.3",
		"age": "40",
		"urban": "0.6100",
		"id": "37"
	},
	{
		"country": "Canada",
		"population": "36953765",
		"yearlyChange": "0.0090",
		"netChange": "329566",
		"density": "4",
		"area": "9093510",
		"migrants": "229144",
		"fert": "1.6",
		"age": "41",
		"urban": "0.8100",
		"id": "38"
	},
	{
		"country": "Afghanistan",
		"population": "36373176",
		"yearlyChange": "0.0237",
		"netChange": "843095",
		"density": "56",
		"area": "652860",
		"migrants": "89601",
		"fert": "5.3",
		"age": "17",
		"urban": "0.2500",
		"id": "39"
	},
	{
		"country": "Morocco",
		"population": "36191805",
		"yearlyChange": "0.0127",
		"netChange": "452225",
		"density": "81",
		"area": "446300",
		"migrants": "-61422",
		"fert": "2.6",
		"age": "28",
		"urban": "0.5900",
		"id": "40"
	},
	{
		"country": "Saudi Arabia",
		"population": "33554343",
		"yearlyChange": "0.0187",
		"netChange": "616130",
		"density": "16",
		"area": "2149690",
		"migrants": "318000",
		"fert": "2.7",
		"age": "30",
		"urban": "0.7700",
		"id": "41"
	},
	{
		"country": "Peru",
		"population": "32551815",
		"yearlyChange": "0.0120",
		"netChange": "386330",
		"density": "25",
		"area": "1280000",
		"migrants": "-48000",
		"fert": "2.5",
		"age": "27",
		"urban": "0.7800",
		"id": "42"
	},
	{
		"country": "Venezuela",
		"population": "32381221",
		"yearlyChange": "0.0126",
		"netChange": "404156",
		"density": "37",
		"area": "882050",
		"migrants": "-13824",
		"fert": "2.4",
		"age": "27",
		"urban": "0.8800",
		"id": "43"
	},
	{
		"country": "Uzbekistan",
		"population": "32364996",
		"yearlyChange": "0.0142",
		"netChange": "454355",
		"density": "76",
		"area": "425400",
		"migrants": "-13294",
		"fert": "2.4",
		"age": "26",
		"urban": "0.3400",
		"id": "44"
	},
	{
		"country": "Malaysia",
		"population": "32042458",
		"yearlyChange": "0.0132",
		"netChange": "418194",
		"density": "98",
		"area": "328550",
		"migrants": "156330",
		"fert": "2.1",
		"age": "28",
		"urban": "0.7500",
		"id": "45"
	},
	{
		"country": "Angola",
		"population": "30774205",
		"yearlyChange": "0.0332",
		"netChange": "990012",
		"density": "25",
		"area": "1246700",
		"migrants": "17464",
		"fert": "6.0",
		"age": "16",
		"urban": "0.3600",
		"id": "46"
	},
	{
		"country": "Mozambique",
		"population": "30528673",
		"yearlyChange": "0.0290",
		"netChange": "859839",
		"density": "39",
		"area": "786380",
		"migrants": "-5000",
		"fert": "5.5",
		"age": "17",
		"urban": "0.3100",
		"id": "47"
	},
	{
		"country": "Nepal",
		"population": "29624035",
		"yearlyChange": "0.0109",
		"netChange": "319037",
		"density": "207",
		"area": "143350",
		"migrants": "-74474",
		"fert": "2.3",
		"age": "23",
		"urban": "0.1900",
		"id": "48"
	},
	{
		"country": "Ghana",
		"population": "29463643",
		"yearlyChange": "0.0218",
		"netChange": "630014",
		"density": "129",
		"area": "227540",
		"migrants": "-10000",
		"fert": "4.2",
		"age": "20",
		"urban": "0.5300",
		"id": "49"
	},
	{
		"country": "Yemen",
		"population": "28915284",
		"yearlyChange": "0.0235",
		"netChange": "664864",
		"density": "55",
		"area": "527970",
		"migrants": "-15002",
		"fert": "4.4",
		"age": "19",
		"urban": "0.3300",
		"id": "50"
	},
	{
		"country": "Madagascar",
		"population": "26262810",
		"yearlyChange": "0.0271",
		"netChange": "691915",
		"density": "45",
		"area": "581795",
		"migrants": "-1500",
		"fert": "4.4",
		"age": "19",
		"urban": "0.3500",
		"id": "51"
	},
	{
		"country": "North Korea",
		"population": "25610672",
		"yearlyChange": "0.0047",
		"netChange": "119707",
		"density": "213",
		"area": "120410",
		"migrants": "-5403",
		"fert": "2.0",
		"age": "34",
		"urban": "0.6100",
		"id": "52"
	},
	{
		"country": "Côte d'Ivoire",
		"population": "24905843",
		"yearlyChange": "0.0252",
		"netChange": "611093",
		"density": "78",
		"area": "318000",
		"migrants": "12000",
		"fert": "5.1",
		"age": "18",
		"urban": "0.5000",
		"id": "53"
	},
	{
		"country": "Australia",
		"population": "24772247",
		"yearlyChange": "0.0132",
		"netChange": "321686",
		"density": "3",
		"area": "7682300",
		"migrants": "182621",
		"fert": "1.9",
		"age": "37",
		"urban": "0.8900",
		"id": "54"
	},
	{
		"country": "Cameroon",
		"population": "24678234",
		"yearlyChange": "0.0260",
		"netChange": "624507",
		"density": "52",
		"area": "472710",
		"migrants": "-7200",
		"fert": "5.0",
		"age": "18",
		"urban": "0.5500",
		"id": "55"
	},
	{
		"country": "Taiwan",
		"population": "23694089",
		"yearlyChange": "0.0029",
		"netChange": "67633",
		"density": "669",
		"area": "35410",
		"migrants": "34000",
		"fert": "1.1",
		"age": "40",
		"urban": "0.7700",
		"id": "56"
	},
	{
		"country": "Niger",
		"population": "22311375",
		"yearlyChange": "0.0388",
		"netChange": "834027",
		"density": "18",
		"area": "1266700",
		"migrants": "-5699",
		"fert": "7.4",
		"age": "15",
		"urban": "0.1800",
		"id": "57"
	},
	{
		"country": "Sri Lanka",
		"population": "20950041",
		"yearlyChange": "0.0035",
		"netChange": "73124",
		"density": "334",
		"area": "62710",
		"migrants": "-96954",
		"fert": "2.1",
		"age": "32",
		"urban": "0.1900",
		"id": "58"
	},
	{
		"country": "Burkina Faso",
		"population": "19751651",
		"yearlyChange": "0.0291",
		"netChange": "558269",
		"density": "72",
		"area": "273600",
		"migrants": "-25000",
		"fert": "5.6",
		"age": "17",
		"urban": "0.3000",
		"id": "59"
	},
	{
		"country": "Romania",
		"population": "19580634",
		"yearlyChange": "-0.0050",
		"netChange": "-98672",
		"density": "85",
		"area": "230170",
		"migrants": "-59999",
		"fert": "1.5",
		"age": "41",
		"urban": "0.6000",
		"id": "60"
	},
	{
		"country": "Malawi",
		"population": "19164728",
		"yearlyChange": "0.0291",
		"netChange": "542624",
		"density": "203",
		"area": "94280",
		"migrants": "-6000",
		"fert": "4.9",
		"age": "17",
		"urban": "0.1600",
		"id": "61"
	},
	{
		"country": "Mali",
		"population": "19107706",
		"yearlyChange": "0.0305",
		"netChange": "565726",
		"density": "16",
		"area": "1220190",
		"migrants": "-60490",
		"fert": "6.4",
		"age": "16",
		"urban": "0.3800",
		"id": "62"
	},
	{
		"country": "Kazakhstan",
		"population": "18403860",
		"yearlyChange": "0.0110",
		"netChange": "199361",
		"density": "7",
		"area": "2699700",
		"migrants": "31961",
		"fert": "2.7",
		"age": "29",
		"urban": "0.4900",
		"id": "63"
	},
	{
		"country": "Syria",
		"population": "18284407",
		"yearlyChange": "0.0008",
		"netChange": "14539",
		"density": "100",
		"area": "183630",
		"migrants": "-831579",
		"fert": "3.1",
		"age": "20",
		"urban": "0.7500",
		"id": "64"
	},
	{
		"country": "Chile",
		"population": "18197209",
		"yearlyChange": "0.0079",
		"netChange": "142483",
		"density": "24",
		"area": "743532",
		"migrants": "16164",
		"fert": "1.8",
		"age": "34",
		"urban": "0.9000",
		"id": "65"
	},
	{
		"country": "Zambia",
		"population": "17609178",
		"yearlyChange": "0.0301",
		"netChange": "515048",
		"density": "24",
		"area": "743390",
		"migrants": "-6898",
		"fert": "5.2",
		"age": "17",
		"urban": "0.3900",
		"id": "66"
	},
	{
		"country": "Guatemala",
		"population": "17245346",
		"yearlyChange": "0.0196",
		"netChange": "331843",
		"density": "161",
		"area": "107160",
		"migrants": "-10026",
		"fert": "3.2",
		"age": "21",
		"urban": "0.5200",
		"id": "67"
	},
	{
		"country": "Netherlands",
		"population": "17084459",
		"yearlyChange": "0.0028",
		"netChange": "48521",
		"density": "507",
		"area": "33720",
		"migrants": "12537",
		"fert": "1.7",
		"age": "42",
		"urban": "0.9100",
		"id": "68"
	},
	{
		"country": "Zimbabwe",
		"population": "16913261",
		"yearlyChange": "0.0232",
		"netChange": "383357",
		"density": "44",
		"area": "386850",
		"migrants": "-50000",
		"fert": "4.0",
		"age": "19",
		"urban": "0.3000",
		"id": "69"
	},
	{
		"country": "Ecuador",
		"population": "16863425",
		"yearlyChange": "0.0144",
		"netChange": "238567",
		"density": "68",
		"area": "248360",
		"migrants": "-7600",
		"fert": "2.6",
		"age": "27",
		"urban": "0.6400",
		"id": "70"
	},
	{
		"country": "Senegal",
		"population": "16294270",
		"yearlyChange": "0.0280",
		"netChange": "443703",
		"density": "85",
		"area": "192530",
		"migrants": "-19999",
		"fert": "5.0",
		"age": "18",
		"urban": "0.4300",
		"id": "71"
	},
	{
		"country": "Cambodia",
		"population": "16245729",
		"yearlyChange": "0.0150",
		"netChange": "240356",
		"density": "92",
		"area": "176520",
		"migrants": "-30000",
		"fert": "2.7",
		"age": "24",
		"urban": "0.2100",
		"id": "72"
	},
	{
		"country": "Chad",
		"population": "15353184",
		"yearlyChange": "0.0304",
		"netChange": "453190",
		"density": "12",
		"area": "1259200",
		"migrants": "20000",
		"fert": "6.3",
		"age": "16",
		"urban": "0.2100",
		"id": "73"
	},
	{
		"country": "Somalia",
		"population": "15181925",
		"yearlyChange": "0.0298",
		"netChange": "439402",
		"density": "24",
		"area": "627340",
		"migrants": "-45374",
		"fert": "6.6",
		"age": "17",
		"urban": "0.3100",
		"id": "74"
	},
	{
		"country": "Guinea",
		"population": "13052608",
		"yearlyChange": "0.0264",
		"netChange": "335432",
		"density": "53",
		"area": "245720",
		"migrants": "-50000",
		"fert": "5.1",
		"age": "18",
		"urban": "0.3800",
		"id": "75"
	},
	{
		"country": "South Sudan",
		"population": "12919053",
		"yearlyChange": "0.0273",
		"netChange": "343339",
		"density": "21",
		"area": "610952",
		"migrants": "85000",
		"fert": "5.2",
		"age": "19",
		"urban": "0.1900",
		"id": "76"
	},
	{
		"country": "Rwanda",
		"population": "12501156",
		"yearlyChange": "0.0240",
		"netChange": "292749",
		"density": "507",
		"area": "24670",
		"migrants": "-15820",
		"fert": "4.2",
		"age": "19",
		"urban": "0.3200",
		"id": "77"
	},
	{
		"country": "Tunisia",
		"population": "11659174",
		"yearlyChange": "0.0110",
		"netChange": "127047",
		"density": "75",
		"area": "155360",
		"migrants": "-13193",
		"fert": "2.3",
		"age": "31",
		"urban": "0.6600",
		"id": "78"
	},
	{
		"country": "Belgium",
		"population": "11498519",
		"yearlyChange": "0.0061",
		"netChange": "69183",
		"density": "380",
		"area": "30280",
		"migrants": "51734",
		"fert": "1.8",
		"age": "41",
		"urban": "0.9600",
		"id": "79"
	},
	{
		"country": "Cuba",
		"population": "11489082",
		"yearlyChange": "0.0004",
		"netChange": "4446",
		"density": "108",
		"area": "106440",
		"migrants": "-14654",
		"fert": "1.7",
		"age": "41",
		"urban": "0.7500",
		"id": "80"
	},
	{
		"country": "Benin",
		"population": "11485674",
		"yearlyChange": "0.0277",
		"netChange": "309982",
		"density": "102",
		"area": "112760",
		"migrants": "-8454",
		"fert": "5.2",
		"age": "18",
		"urban": "0.4500",
		"id": "81"
	},
	{
		"country": "Burundi",
		"population": "11216450",
		"yearlyChange": "0.0324",
		"netChange": "352205",
		"density": "437",
		"area": "25680",
		"migrants": "-14000",
		"fert": "6.0",
		"age": "18",
		"urban": "0.1300",
		"id": "82"
	},
	{
		"country": "Bolivia",
		"population": "11215674",
		"yearlyChange": "0.0148",
		"netChange": "164074",
		"density": "10",
		"area": "1083300",
		"migrants": "-12359",
		"fert": "3.0",
		"age": "24",
		"urban": "0.7000",
		"id": "83"
	},
	{
		"country": "Greece",
		"population": "11142161",
		"yearlyChange": "-0.0016",
		"netChange": "-17612",
		"density": "86",
		"area": "128900",
		"migrants": "-32360",
		"fert": "1.3",
		"age": "43",
		"urban": "0.7800",
		"id": "84"
	},
	{
		"country": "Haiti",
		"population": "11112945",
		"yearlyChange": "0.0120",
		"netChange": "131716",
		"density": "403",
		"area": "27560",
		"migrants": "-30000",
		"fert": "3.1",
		"age": "23",
		"urban": "0.6000",
		"id": "85"
	},
	{
		"country": "Dominican Republic",
		"population": "10882996",
		"yearlyChange": "0.0108",
		"netChange": "115998",
		"density": "225",
		"area": "48320",
		"migrants": "-30602",
		"fert": "2.5",
		"age": "26",
		"urban": "0.8100",
		"id": "86"
	},
	{
		"country": "Czech Republic",
		"population": "10625250",
		"yearlyChange": "0.0007",
		"netChange": "6947",
		"density": "138",
		"area": "77240",
		"migrants": "11999",
		"fert": "1.5",
		"age": "41",
		"urban": "0.7400",
		"id": "87"
	},
	{
		"country": "Portugal",
		"population": "10291196",
		"yearlyChange": "-0.0037",
		"netChange": "-38310",
		"density": "112",
		"area": "91590",
		"migrants": "-28000",
		"fert": "1.3",
		"age": "44",
		"urban": "0.6700",
		"id": "88"
	},
	{
		"country": "Sweden",
		"population": "9982709",
		"yearlyChange": "0.0073",
		"netChange": "72008",
		"density": "24",
		"area": "410340",
		"migrants": "50792",
		"fert": "1.9",
		"age": "41",
		"urban": "0.8500",
		"id": "89"
	},
	{
		"country": "Azerbaijan",
		"population": "9923914",
		"yearlyChange": "0.0098",
		"netChange": "96325",
		"density": "120",
		"area": "82658",
		"migrants": "0",
		"fert": "2.1",
		"age": "30",
		"urban": "0.5400",
		"id": "90"
	},
	{
		"country": "Jordan",
		"population": "9903802",
		"yearlyChange": "0.0208",
		"netChange": "201449",
		"density": "112",
		"area": "88780",
		"migrants": "195057",
		"fert": "3.6",
		"age": "22",
		"urban": "0.6700",
		"id": "91"
	},
	{
		"country": "Hungary",
		"population": "9688847",
		"yearlyChange": "-0.0034",
		"netChange": "-32712",
		"density": "107",
		"area": "90530",
		"migrants": "6000",
		"fert": "1.3",
		"age": "42",
		"urban": "0.7300",
		"id": "92"
	},
	{
		"country": "United Arab Emirates",
		"population": "9541615",
		"yearlyChange": "0.0150",
		"netChange": "141470",
		"density": "114",
		"area": "83600",
		"migrants": "96000",
		"fert": "1.8",
		"age": "33",
		"urban": "0.9000",
		"id": "93"
	},
	{
		"country": "Belarus",
		"population": "9452113",
		"yearlyChange": "-0.0017",
		"netChange": "-16225",
		"density": "47",
		"area": "202910",
		"migrants": "15160",
		"fert": "1.6",
		"age": "40",
		"urban": "0.7500",
		"id": "94"
	},
	{
		"country": "Honduras",
		"population": "9417167",
		"yearlyChange": "0.0164",
		"netChange": "152100",
		"density": "84",
		"area": "111890",
		"migrants": "-3000",
		"fert": "2.7",
		"age": "23",
		"urban": "0.5200",
		"id": "95"
	},
	{
		"country": "Tajikistan",
		"population": "9107211",
		"yearlyChange": "0.0208",
		"netChange": "185868",
		"density": "65",
		"area": "139960",
		"migrants": "-20000",
		"fert": "3.5",
		"age": "22",
		"urban": "0.2700",
		"id": "96"
	},
	{
		"country": "Serbia",
		"population": "8762027",
		"yearlyChange": "-0.0032",
		"netChange": "-28547",
		"density": "100",
		"area": "87460",
		"migrants": "-20000",
		"fert": "1.6",
		"age": "40",
		"urban": "0.5900",
		"id": "97"
	},
	{
		"country": "Austria",
		"population": "8751820",
		"yearlyChange": "0.0019",
		"netChange": "16367",
		"density": "106",
		"area": "82409",
		"migrants": "53434",
		"fert": "1.4",
		"age": "43",
		"urban": "0.6500",
		"id": "98"
	},
	{
		"country": "Switzerland",
		"population": "8544034",
		"yearlyChange": "0.0080",
		"netChange": "68029",
		"density": "216",
		"area": "39516",
		"migrants": "79453",
		"fert": "1.5",
		"age": "42",
		"urban": "0.7300",
		"id": "99"
	},
	{
		"country": "Israel",
		"population": "8452841",
		"yearlyChange": "0.0158",
		"netChange": "131271",
		"density": "391",
		"area": "21640",
		"migrants": "3899",
		"fert": "3.0",
		"age": "30",
		"urban": "0.8900",
		"id": "100"
	},
	{
		"country": "Papua New Guinea",
		"population": "8418346",
		"yearlyChange": "0.0203",
		"netChange": "167184",
		"density": "19",
		"area": "452860",
		"migrants": "-200",
		"fert": "3.8",
		"age": "22",
		"urban": "0.1200",
		"id": "101"
	},
	{
		"country": "Togo",
		"population": "7990926",
		"yearlyChange": "0.0248",
		"netChange": "193232",
		"density": "147",
		"area": "54390",
		"migrants": "-1999",
		"fert": "4.7",
		"age": "19",
		"urban": "0.3900",
		"id": "102"
	},
	{
		"country": "Sierra Leone",
		"population": "7719729",
		"yearlyChange": "0.0215",
		"netChange": "162517",
		"density": "107",
		"area": "72180",
		"migrants": "-4200",
		"fert": "4.8",
		"age": "18",
		"urban": "0.3500",
		"id": "103"
	},
	{
		"country": "Hong Kong",
		"population": "7428887",
		"yearlyChange": "0.0087",
		"netChange": "64004",
		"density": "7075",
		"area": "1050",
		"migrants": "14978",
		"fert": "1.2",
		"age": "43",
		"urban": "N.A.",
		"id": "104"
	},
	{
		"country": "Bulgaria",
		"population": "7036848",
		"yearlyChange": "-0.0067",
		"netChange": "-47723",
		"density": "65",
		"area": "108560",
		"migrants": "-4894",
		"fert": "1.5",
		"age": "43",
		"urban": "0.7400",
		"id": "105"
	},
	{
		"country": "Laos",
		"population": "6961210",
		"yearlyChange": "0.0150",
		"netChange": "103050",
		"density": "30",
		"area": "230800",
		"migrants": "-35498",
		"fert": "2.9",
		"age": "23",
		"urban": "0.4200",
		"id": "106"
	},
	{
		"country": "Paraguay",
		"population": "6896908",
		"yearlyChange": "0.0126",
		"netChange": "85611",
		"density": "17",
		"area": "397300",
		"migrants": "-17340",
		"fert": "2.6",
		"age": "25",
		"urban": "0.6300",
		"id": "107"
	},
	{
		"country": "Libya",
		"population": "6470956",
		"yearlyChange": "0.0151",
		"netChange": "96340",
		"density": "4",
		"area": "1759540",
		"migrants": "-86681",
		"fert": "2.4",
		"age": "27",
		"urban": "0.7900",
		"id": "108"
	},
	{
		"country": "El Salvador",
		"population": "6411558",
		"yearlyChange": "0.0053",
		"netChange": "33705",
		"density": "309",
		"area": "20720",
		"migrants": "-48083",
		"fert": "2.2",
		"age": "26",
		"urban": "0.6900",
		"id": "109"
	},
	{
		"country": "Nicaragua",
		"population": "6284757",
		"yearlyChange": "0.0108",
		"netChange": "67176",
		"density": "52",
		"area": "120340",
		"migrants": "-27000",
		"fert": "2.3",
		"age": "25",
		"urban": "0.6100",
		"id": "110"
	},
	{
		"country": "Kyrgyzstan",
		"population": "6132932",
		"yearlyChange": "0.0145",
		"netChange": "87815",
		"density": "32",
		"area": "191800",
		"migrants": "-27580",
		"fert": "3.1",
		"age": "25",
		"urban": "0.3500",
		"id": "111"
	},
	{
		"country": "Lebanon",
		"population": "6093509",
		"yearlyChange": "0.0018",
		"netChange": "11152",
		"density": "596",
		"area": "10230",
		"migrants": "250000",
		"fert": "1.7",
		"age": "29",
		"urban": "0.7300",
		"id": "112"
	},
	{
		"country": "Turkmenistan",
		"population": "5851466",
		"yearlyChange": "0.0162",
		"netChange": "93391",
		"density": "12",
		"area": "469930",
		"migrants": "-10000",
		"fert": "3.0",
		"age": "26",
		"urban": "0.4800",
		"id": "113"
	},
	{
		"country": "Singapore",
		"population": "5791901",
		"yearlyChange": "0.0145",
		"netChange": "83057",
		"density": "8274",
		"area": "700",
		"migrants": "67586",
		"fert": "1.2",
		"age": "40",
		"urban": "N.A.",
		"id": "114"
	},
	{
		"country": "Denmark",
		"population": "5754356",
		"yearlyChange": "0.0036",
		"netChange": "20805",
		"density": "136",
		"area": "42430",
		"migrants": "21368",
		"fert": "1.7",
		"age": "42",
		"urban": "0.8700",
		"id": "115"
	},
	{
		"country": "Finland",
		"population": "5542517",
		"yearlyChange": "0.0035",
		"netChange": "19286",
		"density": "18",
		"area": "303890",
		"migrants": "16283",
		"fert": "1.8",
		"age": "42",
		"urban": "0.8400",
		"id": "116"
	},
	{
		"country": "Slovakia",
		"population": "5449816",
		"yearlyChange": "0.0004",
		"netChange": "2154",
		"density": "113",
		"area": "48088",
		"migrants": "2269",
		"fert": "1.4",
		"age": "39",
		"urban": "0.5400",
		"id": "117"
	},
	{
		"country": "Congo",
		"population": "5399895",
		"yearlyChange": "0.0264",
		"netChange": "139145",
		"density": "16",
		"area": "341500",
		"migrants": "-12000",
		"fert": "4.9",
		"age": "19",
		"urban": "0.6000",
		"id": "118"
	},
	{
		"country": "Norway",
		"population": "5353363",
		"yearlyChange": "0.0090",
		"netChange": "47980",
		"density": "15",
		"area": "365268",
		"migrants": "44363",
		"fert": "1.8",
		"age": "39",
		"urban": "0.7900",
		"id": "119"
	},
	{
		"country": "Eritrea",
		"population": "5187948",
		"yearlyChange": "0.0235",
		"netChange": "119117",
		"density": "51",
		"area": "101000",
		"migrants": "-32000",
		"fert": "4.4",
		"age": "19",
		"urban": "0.3200",
		"id": "120"
	},
	{
		"country": "State of Palestine",
		"population": "5052776",
		"yearlyChange": "0.0268",
		"netChange": "132052",
		"density": "839",
		"area": "6020",
		"migrants": "-8750",
		"fert": "4.3",
		"age": "19",
		"urban": "0.7200",
		"id": "121"
	},
	{
		"country": "Costa Rica",
		"population": "4953199",
		"yearlyChange": "0.0097",
		"netChange": "47430",
		"density": "97",
		"area": "51060",
		"migrants": "3932",
		"fert": "1.9",
		"age": "31",
		"urban": "0.8100",
		"id": "122"
	},
	{
		"country": "Liberia",
		"population": "4853516",
		"yearlyChange": "0.0257",
		"netChange": "121610",
		"density": "50",
		"area": "96320",
		"migrants": "-4000",
		"fert": "4.8",
		"age": "19",
		"urban": "0.4900",
		"id": "123"
	},
	{
		"country": "Oman",
		"population": "4829946",
		"yearlyChange": "0.0418",
		"netChange": "193684",
		"density": "16",
		"area": "309500",
		"migrants": "163500",
		"fert": "2.9",
		"age": "29",
		"urban": "0.7200",
		"id": "124"
	},
	{
		"country": "Ireland",
		"population": "4803748",
		"yearlyChange": "0.0088",
		"netChange": "42091",
		"density": "70",
		"area": "68890",
		"migrants": "-27999",
		"fert": "2.0",
		"age": "37",
		"urban": "0.6400",
		"id": "125"
	},
	{
		"country": "New Zealand",
		"population": "4749598",
		"yearlyChange": "0.0093",
		"netChange": "43780",
		"density": "18",
		"area": "263310",
		"migrants": "18179",
		"fert": "2.0",
		"age": "37",
		"urban": "0.8500",
		"id": "126"
	},
	{
		"country": "Central African Republic",
		"population": "4737423",
		"yearlyChange": "0.0168",
		"netChange": "78343",
		"density": "8",
		"area": "622980",
		"migrants": "-79226",
		"fert": "5.1",
		"age": "18",
		"urban": "0.4300",
		"id": "127"
	},
	{
		"country": "Mauritania",
		"population": "4540068",
		"yearlyChange": "0.0271",
		"netChange": "119884",
		"density": "4",
		"area": "1030700",
		"migrants": "8000",
		"fert": "4.9",
		"age": "20",
		"urban": "0.5700",
		"id": "128"
	},
	{
		"country": "Kuwait",
		"population": "4197128",
		"yearlyChange": "0.0146",
		"netChange": "60600",
		"density": "236",
		"area": "17820",
		"migrants": "134000",
		"fert": "2.1",
		"age": "33",
		"urban": "0.8800",
		"id": "129"
	},
	{
		"country": "Croatia",
		"population": "4164783",
		"yearlyChange": "-0.0059",
		"netChange": "-24570",
		"density": "74",
		"area": "55960",
		"migrants": "-6554",
		"fert": "1.5",
		"age": "43",
		"urban": "0.6000",
		"id": "130"
	},
	{
		"country": "Panama",
		"population": "4162618",
		"yearlyChange": "0.0156",
		"netChange": "64031",
		"density": "56",
		"area": "74340",
		"migrants": "5621",
		"fert": "2.6",
		"age": "28",
		"urban": "0.6600",
		"id": "131"
	},
	{
		"country": "Moldova",
		"population": "4041065",
		"yearlyChange": "-0.0025",
		"netChange": "-10147",
		"density": "123",
		"area": "32850",
		"migrants": "-1906",
		"fert": "1.3",
		"age": "36",
		"urban": "0.3800",
		"id": "132"
	},
	{
		"country": "Georgia",
		"population": "3907131",
		"yearlyChange": "-0.0013",
		"netChange": "-4930",
		"density": "56",
		"area": "69490",
		"migrants": "-61054",
		"fert": "2.0",
		"age": "38",
		"urban": "0.5900",
		"id": "133"
	},
	{
		"country": "Puerto Rico",
		"population": "3659007",
		"yearlyChange": "-0.0011",
		"netChange": "-4124",
		"density": "413",
		"area": "8870",
		"migrants": "-20706",
		"fert": "1.5",
		"age": "36",
		"urban": "0.9400",
		"id": "134"
	},
	{
		"country": "Bosnia & Herzegovina",
		"population": "3503554",
		"yearlyChange": "-0.0010",
		"netChange": "-3463",
		"density": "69",
		"area": "51000",
		"migrants": "-32274",
		"fert": "1.3",
		"age": "41",
		"urban": "0.4400",
		"id": "135"
	},
	{
		"country": "Uruguay",
		"population": "3469551",
		"yearlyChange": "0.0037",
		"netChange": "12801",
		"density": "20",
		"area": "175020",
		"migrants": "-6000",
		"fert": "2.0",
		"age": "35",
		"urban": "0.9500",
		"id": "136"
	},
	{
		"country": "Mongolia",
		"population": "3121772",
		"yearlyChange": "0.0150",
		"netChange": "46125",
		"density": "2",
		"area": "1553560",
		"migrants": "-3000",
		"fert": "2.8",
		"age": "27",
		"urban": "0.7100",
		"id": "137"
	},
	{
		"country": "Albania",
		"population": "2934363",
		"yearlyChange": "0.0014",
		"netChange": "4176",
		"density": "107",
		"area": "27400",
		"migrants": "-18685",
		"fert": "1.7",
		"age": "36",
		"urban": "0.6500",
		"id": "138"
	},
	{
		"country": "Armenia",
		"population": "2934152",
		"yearlyChange": "0.0013",
		"netChange": "3702",
		"density": "103",
		"area": "28470",
		"migrants": "-6107",
		"fert": "1.7",
		"age": "34",
		"urban": "0.6400",
		"id": "139"
	},
	{
		"country": "Jamaica",
		"population": "2898677",
		"yearlyChange": "0.0029",
		"netChange": "8378",
		"density": "268",
		"area": "10830",
		"migrants": "-18619",
		"fert": "2.1",
		"age": "29",
		"urban": "0.5400",
		"id": "140"
	},
	{
		"country": "Lithuania",
		"population": "2876475",
		"yearlyChange": "-0.0048",
		"netChange": "-13822",
		"density": "46",
		"area": "62674",
		"migrants": "-29243",
		"fert": "1.6",
		"age": "43",
		"urban": "0.6900",
		"id": "141"
	},
	{
		"country": "Qatar",
		"population": "2694849",
		"yearlyChange": "0.0211",
		"netChange": "55638",
		"density": "232",
		"area": "11610",
		"migrants": "120400",
		"fert": "2.0",
		"age": "31",
		"urban": "0.9100",
		"id": "142"
	},
	{
		"country": "Namibia",
		"population": "2587801",
		"yearlyChange": "0.0213",
		"netChange": "54007",
		"density": "3",
		"area": "823290",
		"migrants": "-274",
		"fert": "3.6",
		"age": "21",
		"urban": "0.4700",
		"id": "143"
	},
	{
		"country": "Botswana",
		"population": "2333201",
		"yearlyChange": "0.0181",
		"netChange": "41540",
		"density": "4",
		"area": "566730",
		"migrants": "3000",
		"fert": "2.9",
		"age": "24",
		"urban": "0.5200",
		"id": "144"
	},
	{
		"country": "Lesotho",
		"population": "2263010",
		"yearlyChange": "0.0133",
		"netChange": "29671",
		"density": "75",
		"area": "30360",
		"migrants": "-5000",
		"fert": "3.3",
		"age": "21",
		"urban": "0.2700",
		"id": "145"
	},
	{
		"country": "Gambia",
		"population": "2163765",
		"yearlyChange": "0.0301",
		"netChange": "63197",
		"density": "214",
		"area": "10120",
		"migrants": "-2695",
		"fert": "5.6",
		"age": "17",
		"urban": "0.5900",
		"id": "146"
	},
	{
		"country": "TFYR Macedonia",
		"population": "2085051",
		"yearlyChange": "0.0009",
		"netChange": "1891",
		"density": "83",
		"area": "25220",
		"migrants": "-1771",
		"fert": "1.5",
		"age": "37",
		"urban": "0.5800",
		"id": "147"
	},
	{
		"country": "Slovenia",
		"population": "2081260",
		"yearlyChange": "0.0006",
		"netChange": "1284",
		"density": "103",
		"area": "20140",
		"migrants": "3314",
		"fert": "1.6",
		"age": "43",
		"urban": "0.5000",
		"id": "148"
	},
	{
		"country": "Gabon",
		"population": "2067561",
		"yearlyChange": "0.0209",
		"netChange": "42424",
		"density": "8",
		"area": "257670",
		"migrants": "17088",
		"fert": "4.0",
		"age": "23",
		"urban": "0.7800",
		"id": "149"
	},
	{
		"country": "Latvia",
		"population": "1929938",
		"yearlyChange": "-0.0101",
		"netChange": "-19732",
		"density": "31",
		"area": "62200",
		"migrants": "-16665",
		"fert": "1.5",
		"age": "43",
		"urban": "0.7000",
		"id": "150"
	},
	{
		"country": "Guinea-Bissau",
		"population": "1907268",
		"yearlyChange": "0.0247",
		"netChange": "45985",
		"density": "68",
		"area": "28120",
		"migrants": "-2001",
		"fert": "4.9",
		"age": "19",
		"urban": "0.5000",
		"id": "151"
	},
	{
		"country": "Bahrain",
		"population": "1566993",
		"yearlyChange": "0.0499",
		"netChange": "74409",
		"density": "2062",
		"area": "760",
		"migrants": "8400",
		"fert": "2.1",
		"age": "31",
		"urban": "0.8000",
		"id": "152"
	},
	{
		"country": "Swaziland",
		"population": "1391385",
		"yearlyChange": "0.0176",
		"netChange": "24131",
		"density": "81",
		"area": "17200",
		"migrants": "-1200",
		"fert": "3.3",
		"age": "20",
		"urban": "0.2000",
		"id": "153"
	},
	{
		"country": "Trinidad and Tobago",
		"population": "1372598",
		"yearlyChange": "0.0025",
		"netChange": "3473",
		"density": "268",
		"area": "5130",
		"migrants": "-1000",
		"fert": "1.8",
		"age": "34",
		"urban": "0.0800",
		"id": "154"
	},
	{
		"country": "Timor-Leste",
		"population": "1324094",
		"yearlyChange": "0.0214",
		"netChange": "27783",
		"density": "89",
		"area": "14870",
		"migrants": "-10001",
		"fert": "5.9",
		"age": "17",
		"urban": "0.3100",
		"id": "155"
	},
	{
		"country": "Equatorial Guinea",
		"population": "1313894",
		"yearlyChange": "0.0364",
		"netChange": "46205",
		"density": "47",
		"area": "28050",
		"migrants": "18000",
		"fert": "5.0",
		"age": "22",
		"urban": "0.2600",
		"id": "156"
	},
	{
		"country": "Estonia",
		"population": "1306788",
		"yearlyChange": "-0.0022",
		"netChange": "-2844",
		"density": "31",
		"area": "42390",
		"migrants": "-2103",
		"fert": "1.6",
		"age": "42",
		"urban": "0.6600",
		"id": "157"
	},
	{
		"country": "Mauritius",
		"population": "1268315",
		"yearlyChange": "0.0025",
		"netChange": "3177",
		"density": "625",
		"area": "2030",
		"migrants": "-2416",
		"fert": "1.5",
		"age": "36",
		"urban": "0.3900",
		"id": "158"
	},
	{
		"country": "Cyprus",
		"population": "1189085",
		"yearlyChange": "0.0081",
		"netChange": "9534",
		"density": "129",
		"area": "9240",
		"migrants": "4502",
		"fert": "1.4",
		"age": "35",
		"urban": "0.6700",
		"id": "159"
	},
	{
		"country": "Djibouti",
		"population": "971408",
		"yearlyChange": "0.0151",
		"netChange": "14423",
		"density": "42",
		"area": "23180",
		"migrants": "1200",
		"fert": "3.1",
		"age": "24",
		"urban": "0.7400",
		"id": "160"
	},
	{
		"country": "Fiji",
		"population": "912241",
		"yearlyChange": "0.0074",
		"netChange": "6739",
		"density": "50",
		"area": "18270",
		"migrants": "-5744",
		"fert": "2.6",
		"age": "28",
		"urban": "0.5400",
		"id": "161"
	},
	{
		"country": "Réunion",
		"population": "883247",
		"yearlyChange": "0.0076",
		"netChange": "6685",
		"density": "353",
		"area": "2500",
		"migrants": "-2828",
		"fert": "2.4",
		"age": "35",
		"urban": "0.9900",
		"id": "162"
	},
	{
		"country": "Comoros",
		"population": "832347",
		"yearlyChange": "0.0226",
		"netChange": "18435",
		"density": "447",
		"area": "1861",
		"migrants": "-2000",
		"fert": "4.6",
		"age": "20",
		"urban": "0.2800",
		"id": "163"
	},
	{
		"country": "Bhutan",
		"population": "817054",
		"yearlyChange": "0.0117",
		"netChange": "9444",
		"density": "21",
		"area": "38117",
		"migrants": "2000",
		"fert": "2.2",
		"age": "26",
		"urban": "0.3900",
		"id": "164"
	},
	{
		"country": "Guyana",
		"population": "782225",
		"yearlyChange": "0.0056",
		"netChange": "4366",
		"density": "4",
		"area": "196850",
		"migrants": "-5456",
		"fert": "2.6",
		"age": "25",
		"urban": "0.3000",
		"id": "165"
	},
	{
		"country": "Macao",
		"population": "632418",
		"yearlyChange": "0.0158",
		"netChange": "9851",
		"density": "21081",
		"area": "30",
		"migrants": "8470",
		"fert": "1.2",
		"age": "38",
		"urban": "0.9500",
		"id": "166"
	},
	{
		"country": "Montenegro",
		"population": "629219",
		"yearlyChange": "0.0004",
		"netChange": "259",
		"density": "47",
		"area": "13450",
		"migrants": "-622",
		"fert": "1.7",
		"age": "38",
		"urban": "0.6400",
		"id": "167"
	},
	{
		"country": "Solomon Islands",
		"population": "623281",
		"yearlyChange": "0.0195",
		"netChange": "11938",
		"density": "22",
		"area": "27990",
		"migrants": "-2374",
		"fert": "4.1",
		"age": "20",
		"urban": "0.2300",
		"id": "168"
	},
	{
		"country": "Luxembourg",
		"population": "590321",
		"yearlyChange": "0.0118",
		"netChange": "6866",
		"density": "228",
		"area": "2590",
		"migrants": "9741",
		"fert": "1.5",
		"age": "39",
		"urban": "0.8600",
		"id": "169"
	},
	{
		"country": "Suriname",
		"population": "568301",
		"yearlyChange": "0.0087",
		"netChange": "4899",
		"density": "4",
		"area": "156000",
		"migrants": "-1000",
		"fert": "2.5",
		"age": "28",
		"urban": "0.6500",
		"id": "170"
	},
	{
		"country": "Western Sahara",
		"population": "567421",
		"yearlyChange": "0.0268",
		"netChange": "14793",
		"density": "2",
		"area": "266000",
		"migrants": "572",
		"fert": "2.6",
		"age": "27",
		"urban": "0.9200",
		"id": "171"
	},
	{
		"country": "Cabo Verde",
		"population": "553335",
		"yearlyChange": "0.0127",
		"netChange": "6947",
		"density": "137",
		"area": "4030",
		"migrants": "-2210",
		"fert": "2.5",
		"age": "24",
		"urban": "0.6200",
		"id": "172"
	},
	{
		"country": "Guadeloupe",
		"population": "449173",
		"yearlyChange": "-0.0009",
		"netChange": "-395",
		"density": "266",
		"area": "1690",
		"migrants": "-2001",
		"fert": "2.0",
		"age": "42",
		"urban": "N.A.",
		"id": "173"
	},
	{
		"country": "Maldives",
		"population": "444259",
		"yearlyChange": "0.0182",
		"netChange": "7929",
		"density": "1481",
		"area": "300",
		"migrants": "4383",
		"fert": "2.2",
		"age": "28",
		"urban": "0.4000",
		"id": "174"
	},
	{
		"country": "Brunei",
		"population": "434076",
		"yearlyChange": "0.0125",
		"netChange": "5379",
		"density": "82",
		"area": "5270",
		"migrants": "406",
		"fert": "1.9",
		"age": "30",
		"urban": "0.7900",
		"id": "175"
	},
	{
		"country": "Malta",
		"population": "432089",
		"yearlyChange": "0.0029",
		"netChange": "1254",
		"density": "1350",
		"area": "320",
		"migrants": "1889",
		"fert": "1.4",
		"age": "41",
		"urban": "0.9600",
		"id": "176"
	},
	{
		"country": "Bahamas",
		"population": "399285",
		"yearlyChange": "0.0099",
		"netChange": "3924",
		"density": "40",
		"area": "10010",
		"migrants": "1934",
		"fert": "1.8",
		"age": "33",
		"urban": "0.8300",
		"id": "177"
	},
	{
		"country": "Martinique",
		"population": "385065",
		"yearlyChange": "0.0004",
		"netChange": "169",
		"density": "363",
		"area": "1060",
		"migrants": "-3354",
		"fert": "2.0",
		"age": "44",
		"urban": "0.9400",
		"id": "178"
	},
	{
		"country": "Belize",
		"population": "382444",
		"yearlyChange": "0.0207",
		"netChange": "7763",
		"density": "17",
		"area": "22810",
		"migrants": "1519",
		"fert": "2.6",
		"age": "23",
		"urban": "0.4200",
		"id": "179"
	},
	{
		"country": "Iceland",
		"population": "337780",
		"yearlyChange": "0.0082",
		"netChange": "2755",
		"density": "3",
		"area": "100250",
		"migrants": "-433",
		"fert": "2.0",
		"age": "36",
		"urban": "0.9600",
		"id": "180"
	},
	{
		"country": "French Guiana",
		"population": "289763",
		"yearlyChange": "0.0249",
		"netChange": "7032",
		"density": "4",
		"area": "82200",
		"migrants": "1200",
		"fert": "3.5",
		"age": "24",
		"urban": "0.8000",
		"id": "181"
	},
	{
		"country": "Barbados",
		"population": "286388",
		"yearlyChange": "0.0023",
		"netChange": "669",
		"density": "666",
		"area": "430",
		"migrants": "436",
		"fert": "1.8",
		"age": "39",
		"urban": "0.3200",
		"id": "182"
	},
	{
		"country": "French Polynesia",
		"population": "285859",
		"yearlyChange": "0.0101",
		"netChange": "2852",
		"density": "78",
		"area": "3660",
		"migrants": "-1000",
		"fert": "2.1",
		"age": "31",
		"urban": "0.5600",
		"id": "183"
	},
	{
		"country": "Vanuatu",
		"population": "282117",
		"yearlyChange": "0.0213",
		"netChange": "5873",
		"density": "23",
		"area": "12190",
		"migrants": "121",
		"fert": "3.4",
		"age": "22",
		"urban": "0.2600",
		"id": "184"
	},
	{
		"country": "New Caledonia",
		"population": "279821",
		"yearlyChange": "0.0129",
		"netChange": "3566",
		"density": "15",
		"area": "18280",
		"migrants": "1132",
		"fert": "2.2",
		"age": "33",
		"urban": "0.6900",
		"id": "185"
	},
	{
		"country": "Mayotte",
		"population": "259682",
		"yearlyChange": "0.0262",
		"netChange": "6637",
		"density": "692",
		"area": "375",
		"migrants": "-300",
		"fert": "4.1",
		"age": "19",
		"urban": "0.4400",
		"id": "186"
	},
	{
		"country": "Sao Tome & Principe",
		"population": "208818",
		"yearlyChange": "0.0220",
		"netChange": "4491",
		"density": "218",
		"area": "960",
		"migrants": "-1120",
		"fert": "4.7",
		"age": "18",
		"urban": "0.6700",
		"id": "187"
	},
	{
		"country": "Samoa",
		"population": "197695",
		"yearlyChange": "0.0064",
		"netChange": "1255",
		"density": "70",
		"area": "2830",
		"migrants": "-2538",
		"fert": "4.2",
		"age": "21",
		"urban": "0.1900",
		"id": "188"
	},
	{
		"country": "Saint Lucia",
		"population": "179667",
		"yearlyChange": "0.0046",
		"netChange": "823",
		"density": "295",
		"area": "610",
		"migrants": "8",
		"fert": "1.5",
		"age": "33",
		"urban": "0.1900",
		"id": "189"
	},
	{
		"country": "Channel Islands",
		"population": "166083",
		"yearlyChange": "0.0047",
		"netChange": "769",
		"density": "874",
		"area": "190",
		"migrants": "731",
		"fert": "1.5",
		"age": "43",
		"urban": "0.3100",
		"id": "190"
	},
	{
		"country": "Guam",
		"population": "165718",
		"yearlyChange": "0.0091",
		"netChange": "1489",
		"density": "307",
		"area": "540",
		"migrants": "-1519",
		"fert": "2.4",
		"age": "30",
		"urban": "N.A.",
		"id": "191"
	},
	{
		"country": "Curaçao",
		"population": "161577",
		"yearlyChange": "0.0065",
		"netChange": "1038",
		"density": "364",
		"area": "444",
		"migrants": "1363",
		"fert": "2.1",
		"age": "41",
		"urban": "0.9300",
		"id": "192"
	},
	{
		"country": "Kiribati",
		"population": "118414",
		"yearlyChange": "0.0173",
		"netChange": "2016",
		"density": "146",
		"area": "810",
		"migrants": "-426",
		"fert": "3.8",
		"age": "22",
		"urban": "0.4100",
		"id": "193"
	},
	{
		"country": "St. Vincent & Grenadines",
		"population": "110200",
		"yearlyChange": "0.0028",
		"netChange": "303",
		"density": "283",
		"area": "390",
		"migrants": "-1000",
		"fert": "2.0",
		"age": "30",
		"urban": "0.5100",
		"id": "194"
	},
	{
		"country": "Tonga",
		"population": "109008",
		"yearlyChange": "0.0091",
		"netChange": "988",
		"density": "151",
		"area": "720",
		"migrants": "-1616",
		"fert": "3.8",
		"age": "21",
		"urban": "0.2400",
		"id": "195"
	},
	{
		"country": "Grenada",
		"population": "108339",
		"yearlyChange": "0.0048",
		"netChange": "514",
		"density": "319",
		"area": "340",
		"migrants": "-855",
		"fert": "2.2",
		"age": "27",
		"urban": "0.3500",
		"id": "196"
	},
	{
		"country": "Micronesia",
		"population": "106227",
		"yearlyChange": "0.0065",
		"netChange": "683",
		"density": "152",
		"area": "700",
		"migrants": "-1638",
		"fert": "3.3",
		"age": "22",
		"urban": "0.2300",
		"id": "197"
	},
	{
		"country": "Aruba",
		"population": "105670",
		"yearlyChange": "0.0039",
		"netChange": "406",
		"density": "587",
		"area": "180",
		"migrants": "251",
		"fert": "1.8",
		"age": "40",
		"urban": "0.4100",
		"id": "198"
	},
	{
		"country": "U.S. Virgin Islands",
		"population": "104914",
		"yearlyChange": "0.0001",
		"netChange": "13",
		"density": "300",
		"area": "350",
		"migrants": "-900",
		"fert": "2.3",
		"age": "41",
		"urban": "0.9700",
		"id": "199"
	},
	{
		"country": "Antigua and Barbuda",
		"population": "103050",
		"yearlyChange": "0.0102",
		"netChange": "1038",
		"density": "234",
		"area": "440",
		"migrants": "-11",
		"fert": "2.1",
		"age": "31",
		"urban": "0.2100",
		"id": "200"
	},
	{
		"country": "Seychelles",
		"population": "95235",
		"yearlyChange": "0.0053",
		"netChange": "498",
		"density": "207",
		"area": "460",
		"migrants": "-440",
		"fert": "2.4",
		"age": "35",
		"urban": "0.5400",
		"id": "201"
	},
	{
		"country": "Isle of Man",
		"population": "84831",
		"yearlyChange": "0.0065",
		"netChange": "544",
		"density": "149",
		"area": "570",
		"migrants": "",
		"fert": "N.A.",
		"age": "N.A.",
		"urban": "0.5400",
		"id": "202"
	},
	{
		"country": "Andorra",
		"population": "76953",
		"yearlyChange": "-0.0002",
		"netChange": "-12",
		"density": "164",
		"area": "470",
		"migrants": "",
		"fert": "N.A.",
		"age": "N.A.",
		"urban": "0.9000",
		"id": "203"
	},
	{
		"country": "Dominica",
		"population": "74308",
		"yearlyChange": "0.0052",
		"netChange": "383",
		"density": "99",
		"area": "750",
		"migrants": "",
		"fert": "N.A.",
		"age": "N.A.",
		"urban": "0.6900",
		"id": "204"
	},
	{
		"country": "Cayman Islands",
		"population": "62348",
		"yearlyChange": "0.0128",
		"netChange": "789",
		"density": "260",
		"area": "240",
		"migrants": "",
		"fert": "N.A.",
		"age": "N.A.",
		"urban": "0.9800",
		"id": "205"
	},
	{
		"country": "Bermuda",
		"population": "61070",
		"yearlyChange": "-0.0045",
		"netChange": "-279",
		"density": "1221",
		"area": "50",
		"migrants": "",
		"fert": "N.A.",
		"age": "N.A.",
		"urban": "N.A.",
		"id": "206"
	},
	{
		"country": "Greenland",
		"population": "56565",
		"yearlyChange": "0.0015",
		"netChange": "85",
		"density": "0",
		"area": "410450",
		"migrants": "",
		"fert": "N.A.",
		"age": "N.A.",
		"urban": "0.8800",
		"id": "207"
	},
	{
		"country": "Saint Kitts & Nevis",
		"population": "55850",
		"yearlyChange": "0.0091",
		"netChange": "505",
		"density": "215",
		"area": "260",
		"migrants": "",
		"fert": "N.A.",
		"age": "N.A.",
		"urban": "0.3300",
		"id": "208"
	},
	{
		"country": "American Samoa",
		"population": "55679",
		"yearlyChange": "0.0007",
		"netChange": "38",
		"density": "278",
		"area": "200",
		"migrants": "",
		"fert": "N.A.",
		"age": "N.A.",
		"urban": "0.8800",
		"id": "209"
	},
	{
		"country": "Northern Mariana Islands",
		"population": "55194",
		"yearlyChange": "0.0009",
		"netChange": "50",
		"density": "120",
		"area": "460",
		"migrants": "",
		"fert": "N.A.",
		"age": "N.A.",
		"urban": "0.9000",
		"id": "210"
	},
	{
		"country": "Marshall Islands",
		"population": "53167",
		"yearlyChange": "0.0008",
		"netChange": "40",
		"density": "295",
		"area": "180",
		"migrants": "",
		"fert": "N.A.",
		"age": "N.A.",
		"urban": "0.7400",
		"id": "211"
	},
	{
		"country": "Faeroe Islands",
		"population": "49489",
		"yearlyChange": "0.0040",
		"netChange": "199",
		"density": "35",
		"area": "1396",
		"migrants": "",
		"fert": "N.A.",
		"age": "N.A.",
		"urban": "0.4300",
		"id": "212"
	},
	{
		"country": "Sint Maarten",
		"population": "40552",
		"yearlyChange": "0.0108",
		"netChange": "432",
		"density": "1193",
		"area": "34",
		"migrants": "",
		"fert": "N.A.",
		"age": "N.A.",
		"urban": "N.A.",
		"id": "213"
	},
	{
		"country": "Monaco",
		"population": "38897",
		"yearlyChange": "0.0052",
		"netChange": "202",
		"density": "26105",
		"area": "1",
		"migrants": "",
		"fert": "N.A.",
		"age": "N.A.",
		"urban": "N.A.",
		"id": "214"
	},
	{
		"country": "Liechtenstein",
		"population": "38155",
		"yearlyChange": "0.0061",
		"netChange": "233",
		"density": "238",
		"area": "160",
		"migrants": "",
		"fert": "N.A.",
		"age": "N.A.",
		"urban": "0.1400",
		"id": "215"
	},
	{
		"country": "Turks and Caicos",
		"population": "35963",
		"yearlyChange": "0.0146",
		"netChange": "517",
		"density": "38",
		"area": "950",
		"migrants": "",
		"fert": "N.A.",
		"age": "N.A.",
		"urban": "0.9100",
		"id": "216"
	},
	{
		"country": "Gibraltar",
		"population": "34733",
		"yearlyChange": "0.0047",
		"netChange": "162",
		"density": "3473",
		"area": "10",
		"migrants": "",
		"fert": "N.A.",
		"age": "N.A.",
		"urban": "0.8500",
		"id": "217"
	},
	{
		"country": "San Marino",
		"population": "33557",
		"yearlyChange": "0.0047",
		"netChange": "157",
		"density": "559",
		"area": "60",
		"migrants": "",
		"fert": "N.A.",
		"age": "N.A.",
		"urban": "0.9000",
		"id": "218"
	},
	{
		"country": "British Virgin Islands",
		"population": "31719",
		"yearlyChange": "0.0168",
		"netChange": "523",
		"density": "211",
		"area": "150",
		"migrants": "",
		"fert": "N.A.",
		"age": "N.A.",
		"urban": "0.4300",
		"id": "219"
	},
	{
		"country": "Caribbean Netherlands",
		"population": "25702",
		"yearlyChange": "0.0120",
		"netChange": "304",
		"density": "78",
		"area": "328",
		"migrants": "",
		"fert": "N.A.",
		"age": "N.A.",
		"urban": "0.6000",
		"id": "220"
	},
	{
		"country": "Palau",
		"population": "21964",
		"yearlyChange": "0.0108",
		"netChange": "235",
		"density": "48",
		"area": "460",
		"migrants": "",
		"fert": "N.A.",
		"age": "N.A.",
		"urban": "0.8700",
		"id": "221"
	},
	{
		"country": "Cook Islands",
		"population": "17411",
		"yearlyChange": "0.0018",
		"netChange": "31",
		"density": "73",
		"area": "240",
		"migrants": "",
		"fert": "N.A.",
		"age": "N.A.",
		"urban": "0.9100",
		"id": "222"
	},
	{
		"country": "Anguilla",
		"population": "15045",
		"yearlyChange": "0.0091",
		"netChange": "136",
		"density": "167",
		"area": "90",
		"migrants": "",
		"fert": "N.A.",
		"age": "N.A.",
		"urban": "0.9900",
		"id": "223"
	},
	{
		"country": "Wallis & Futuna",
		"population": "11683",
		"yearlyChange": "-0.0076",
		"netChange": "-90",
		"density": "83",
		"area": "140",
		"migrants": "",
		"fert": "N.A.",
		"age": "N.A.",
		"urban": "0.0000",
		"id": "224"
	},
	{
		"country": "Nauru",
		"population": "11312",
		"yearlyChange": "-0.0041",
		"netChange": "-47",
		"density": "566",
		"area": "20",
		"migrants": "",
		"fert": "N.A.",
		"age": "N.A.",
		"urban": "0.9000",
		"id": "225"
	},
	{
		"country": "Tuvalu",
		"population": "11287",
		"yearlyChange": "0.0085",
		"netChange": "95",
		"density": "376",
		"area": "30",
		"migrants": "",
		"fert": "N.A.",
		"age": "N.A.",
		"urban": "0.5400",
		"id": "226"
	},
	{
		"country": "Saint Pierre & Miquelon",
		"population": "6342",
		"yearlyChange": "0.0035",
		"netChange": "22",
		"density": "28",
		"area": "230",
		"migrants": "",
		"fert": "N.A.",
		"age": "N.A.",
		"urban": "0.8600",
		"id": "227"
	},
	{
		"country": "Montserrat",
		"population": "5203",
		"yearlyChange": "0.0050",
		"netChange": "26",
		"density": "52",
		"area": "100",
		"migrants": "",
		"fert": "N.A.",
		"age": "N.A.",
		"urban": "0.0900",
		"id": "228"
	},
	{
		"country": "Saint Helena",
		"population": "4074",
		"yearlyChange": "0.0062",
		"netChange": "25",
		"density": "10",
		"area": "390",
		"migrants": "",
		"fert": "N.A.",
		"age": "N.A.",
		"urban": "0.4000",
		"id": "229"
	},
	{
		"country": "Falkland Islands",
		"population": "2922",
		"yearlyChange": "0.0041",
		"netChange": "12",
		"density": "0",
		"area": "12170",
		"migrants": "",
		"fert": "N.A.",
		"age": "N.A.",
		"urban": "0.8100",
		"id": "230"
	},
	{
		"country": "Niue",
		"population": "1624",
		"yearlyChange": "0.0037",
		"netChange": "6",
		"density": "6",
		"area": "260",
		"migrants": "",
		"fert": "N.A.",
		"age": "N.A.",
		"urban": "0.3300",
		"id": "231"
	},
	{
		"country": "Tokelau",
		"population": "1319",
		"yearlyChange": "0.0146",
		"netChange": "19",
		"density": "132",
		"area": "10",
		"migrants": "",
		"fert": "N.A.",
		"age": "N.A.",
		"urban": "0.0000",
		"id": "232"
	},
	{
		"country": "Holy See",
		"population": "801",
		"yearlyChange": "0.0114",
		"netChange": "9",
		"density": "2003",
		"area": "0",
		"migrants": "",
		"fert": "N.A.",
		"age": "N.A.",
		"urban": "N.A.",
		"id": "233"
	}
]
